Workbook

Sheet README
A1: Capacity Planning & Performance Variance Model
A2: All figures are SYNTHETIC (simulated for portfolio purposes; seed 21).
A4: Sheets
A5: Targets - lookup table: facility -> region and target utilisation (blue = editable input)
A6: Data - 504 facility-month records (42 facilities x 12 months). Blue = inputs; black = formulas
A7: Summary - region and monthly variance analysis built with SUMIFS / AVERAGEIFS / COUNTIFS
A9: Formulas used
A10: VLOOKUP (Region and Target Utilisation pulled from Targets), SUMIFS, COUNTIFS, AVERAGEIFS, IF
A11: Conditional formatting: Variance % colour scale, status colours, data bars on utilisation
A13: Definitions
A14: Variance = Actual Output - Planned Capacity; Variance % = Variance / Planned; Utilisation = Actual / Planned
A15: Gap vs Target = Utilisation - Target Utilisation; Status: Under if gap < -5 pts, Over if gap > +5 pts, else On Track
... A20: Values: Sum of Planned Capacity, Sum of Actual Output. (openpyxl cannot create pivot caches, so this step is manual.)

Sheet Summary
A1: Capacity Planning & Performance Variance Summary (synthetic data)
A2: All values are formulas on the Data sheet. Change inputs (blue) on Data / Targets and this sheet updates.
A4: Region | B4: Planned Capacity | C4: Actual Output | D4: Variance | E4: Variance % | F4: Utilisation | G4: Avg Target Util. | H4: Gap vs Target | I4: Under-target Facility-Months | J4: % Under
A5: North | B5: =SUMIFS(Data!$D$2:$D$505,Data!$C$2:$C$505,$A5) -> 194030 | C5: =SUMIFS(Data!$E$2:$E$505,Data!$C$2:$C$505,$A5) -> 169796 | D5: =C5-B5 -> -24234 | E5: =IF(B5=0,0,D5/B5) -> -0.12489821 | F5: =IF(B5=0,0,C5/B5) -> 0.87510179 | G5: =AVERAGEIFS(Data!$I$2:$I$505,Data!$C$2:$C$505,$A5) -> 0.87857143 | H5: =F5-G5 -> -0.0034696402 | I5: =COUNTIFS(Data!$C$2:$C$505,$A5,Data!$K$2:$K$505,"Under") -> 14 | J5: =IF(COUNTIFS(Data!$C$2:$C$505,$A5)=0,0,I5/COUNTIFS(Data!$C$2:$C$505,$A5)) -> 0.16666667
A6: South | B6: =SUMIFS(Data!$D$2:$D$505,Data!$C$2:$C$505,$A6) -> 182980 | C6: =SUMIFS(Data!$E$2:$E$505,Data!$C$2:$C$505,$A6) -> 149990 | D6: =C6-B6 -> -32990 | E6: =IF(B6=0,0,D6/B6) -> -0.18029293 | F6: =IF(B6=0,0,C6/B6) -> 0.81970707 | G6: =AVERAGEIFS(Data!$I$2:$I$505,Data!$C$2:$C$505,$A6) -> 0.91428571 | H6: =F6-G6 -> -0.094578642 | I6: =COUNTIFS(Data!$C$2:$C$505,$A6,Data!$K$2:$K$505,"Under") -> 68 | J6: =IF(COUNTIFS(Data!$C$2:$C$505,$A6)=0,0,I6/COUNTIFS(Data!$C$2:$C$505,$A6)) -> 0.80952381
A7: East | B7: =SUMIFS(Data!$D$2:$D$505,Data!$C$2:$C$505,$A7) -> 179340 | C7: =SUMIFS(Data!$E$2:$E$505,Data!$C$2:$C$505,$A7) -> 156001 | D7: =C7-B7 -> -23339 | E7: =IF(B7=0,0,D7/B7) -> -0.13013828 | F7: =IF(B7=0,0,C7/B7) -> 0.86986172 | G7: =AVERAGEIFS(Data!$I$2:$I$505,Data!$C$2:$C$505,$A7) -> 0.89714286 | H7: =F7-G7 -> -0.027281142 | I7: =COUNTIFS(Data!$C$2:$C$505,$A7,Data!$K$2:$K$505,"Under") -> 28 | J7: =IF(COUNTIFS(Data!$C$2:$C$505,$A7)=0,0,I7/COUNTIFS(Data!$C$2:$C$505,$A7)) -> 0.33333333
A8: West | B8: =SUMIFS(Data!$D$2:$D$505,Data!$C$2:$C$505,$A8) -> 165260 | C8: =SUMIFS(Data!$E$2:$E$505,Data!$C$2:$C$505,$A8) -> 156929 | D8: =C8-B8 -> -8331 | E8: =IF(B8=0,0,D8/B8) -> -0.050411473 | F8: =IF(B8=0,0,C8/B8) -> 0.94958853 | G8: =AVERAGEIFS(Data!$I$2:$I$505,Data!$C$2:$C$505,$A8) -> 0.90714286 | H8: =F8-G8 -> 0.04244567 | I8: =COUNTIFS(Data!$C$2:$C$505,$A8,Data!$K$2:$K$505,"Under") -> 1 | J8: =IF(COUNTIFS(Data!$C$2:$C$505,$A8)=0,0,I8/COUNTIFS(Data!$C$2:$C$505,$A8)) -> 0.011904762
A9: Central | B9: =SUMIFS(Data!$D$2:$D$505,Data!$C$2:$C$505,$A9) -> 169520 | C9: =SUMIFS(Data!$E$2:$E$505,Data!$C$2:$C$505,$A9) -> 140639 | D9: =C9-B9 -> -28881 | E9: =IF(B9=0,0,D9/B9) -> -0.17036928 | F9: =IF(B9=0,0,C9/B9) -> 0.82963072 | G9: =AVERAGEIFS(Data!$I$2:$I$505,Data!$C$2:$C$505,$A9) -> 0.86857143 | H9: =F9-G9 -> -0.038940707 | I9: =COUNTIFS(Data!$C$2:$C$505,$A9,Data!$K$2:$K$505,"Under") -> 32 | J9: =IF(COUNTIFS(Data!$C$2:$C$505,$A9)=0,0,I9/COUNTIFS(Data!$C$2:$C$505,$A9)) -> 0.38095238
A10: North-East | B10: =SUMIFS(Data!$D$2:$D$505,Data!$C$2:$C$505,$A10) -> 127310 | C10: =SUMIFS(Data!$E$2:$E$505,Data!$C$2:$C$505,$A10) -> 105019 | D10: =C10-B10 -> -22291 | E10: =IF(B10=0,0,D10/B10) -> -0.17509229 | F10: =IF(B10=0,0,C10/B10) -> 0.82490771 | G10: =AVERAGEIFS(Data!$I$2:$I$505,Data!$C$2:$C$505,$A10) -> 0.88714286 | H10: =F10-G10 -> -0.062235152 | I10: =COUNTIFS(Data!$C$2:$C$505,$A10,Data!$K$2:$K$505,"Under") -> 52 | J10: =IF(COUNTIFS(Data!$C$2:$C$505,$A10)=0,0,I10/COUNTIFS(Data!$C$2:$C$505,$A10)) -> 0.61904762
A11: Total | B11: =SUM(B5:B10) -> 1018440 | C11: =SUM(C5:C10) -> 878374 | D11: =SUM(D5:D10) -> -140066 | E11: =IF(B11=0,0,D11/B11) -> -0.13752995 | F11: =IF(B11=0,0,C11/B11) -> 0.86247005 | G11: =AVERAGE(Data!$I$2:$I$505) -> 0.89214286 | H11: =F11-G11 -> -0.029672805 | I11: =SUM(I5:I10) -> 195 | J11: =I11/COUNTA(Data!$B$2:$B$505) -> 0.38690476
A13: Monthly performance
A14: Month | B14: Planned Capacity | C14: Actual Output | D14: Variance | E14: Variance % | F14: Utilisation
A15: 46023 | B15: =SUMIFS(Data!$D$2:$D$505,Data!$A$2:$A$505,$A15) -> 79050 | C15: =SUMIFS(Data!$E$2:$E$505,Data!$A$2:$A$505,$A15) -> 67907 | D15: =C15-B15 -> -11143 | E15: =IF(B15=0,0,D15/B15) -> -0.14096142 | F15: =IF(B15=0,0,C15/B15) -> 0.85903858
A16: 46054 | B16: =SUMIFS(Data!$D$2:$D$505,Data!$A$2:$A$505,$A16) -> 79050 | C16: =SUMIFS(Data!$E$2:$E$505,Data!$A$2:$A$505,$A16) -> 67727 | D16: =C16-B16 -> -11323 | E16: =IF(B16=0,0,D16/B16) -> -0.14323846 | F16: =IF(B16=0,0,C16/B16) -> 0.85676154
A17: 46082 | B17: =SUMIFS(Data!$D$2:$D$505,Data!$A$2:$A$505,$A17) -> 83200 | C17: =SUMIFS(Data!$E$2:$E$505,Data!$A$2:$A$505,$A17) -> 71094 | D17: =C17-B17 -> -12106 | E17: =IF(B17=0,0,D17/B17) -> -0.14550481 | F17: =IF(B17=0,0,C17/B17) -> 0.85449519
A18: 46113 | B18: =SUMIFS(Data!$D$2:$D$505,Data!$A$2:$A$505,$A18) -> 83200 | C18: =SUMIFS(Data!$E$2:$E$505,Data!$A$2:$A$505,$A18) -> 71142 | D18: =C18-B18 -> -12058 | E18: =IF(B18=0,0,D18/B18) -> -0.14492788 | F18: =IF(B18=0,0,C18/B18) -> 0.85507212
A19: 46143 | B19: =SUMIFS(Data!$D$2:$D$505,Data!$A$2:$A$505,$A19) -> 84900 | C19: =SUMIFS(Data!$E$2:$E$505,Data!$A$2:$A$505,$A19) -> 71680 | D19: =C19-B19 -> -13220 | E19: =IF(B19=0,0,D19/B19) -> -0.1557126 | F19: =IF(B19=0,0,C19/B19) -> 0.8442874
A20: 46174 | B20: =SUMIFS(Data!$D$2:$D$505,Data!$A$2:$A$505,$A20) -> 85700 | C20: =SUMIFS(Data!$E$2:$E$505,Data!$A$2:$A$505,$A20) -> 73572 | D20: =C20-B20 -> -12128 | E20: =IF(B20=0,0,D20/B20) -> -0.14151692 | F20: =IF(B20=0,0,C20/B20) -> 0.85848308
A21: 46204 | B21: =SUMIFS(Data!$D$2:$D$505,Data!$A$2:$A$505,$A21) -> 83200 | C21: =SUMIFS(Data!$E$2:$E$505,Data!$A$2:$A$505,$A21) -> 72843 | D21: =C21-B21 -> -10357 | E21: =IF(B21=0,0,D21/B21) -> -0.12448317 | F21: =IF(B21=0,0,C21/B21) -> 0.87551683
A22: 46235 | B22: =SUMIFS(Data!$D$2:$D$505,Data!$A$2:$A$505,$A22) -> 83200 | C22: =SUMIFS(Data!$E$2:$E$505,Data!$A$2:$A$505,$A22) -> 73030 | D22: =C22-B22 -> -10170 | E22: =IF(B22=0,0,D22/B22) -> -0.12223558 | F22: =IF(B22=0,0,C22/B22) -> 0.87776442
A23: 46266 | B23: =SUMIFS(Data!$D$2:$D$505,Data!$A$2:$A$505,$A23) -> 87350 | C23: =SUMIFS(Data!$E$2:$E$505,Data!$A$2:$A$505,$A23) -> 76510 | D23: =C23-B23 -> -10840 | E23: =IF(B23=0,0,D23/B23) -> -0.12409845 | F23: =IF(B23=0,0,C23/B23) -> 0.87590155
A24: 46296 | B24: =SUMIFS(Data!$D$2:$D$505,Data!$A$2:$A$505,$A24) -> 89840 | C24: =SUMIFS(Data!$E$2:$E$505,Data!$A$2:$A$505,$A24) -> 76978 | D24: =C24-B24 -> -12862 | E24: =IF(B24=0,0,D24/B24) -> -0.14316563 | F24: =IF(B24=0,0,C24/B24) -> 0.85683437
A25: 46327 | B25: =SUMIFS(Data!$D$2:$D$505,Data!$A$2:$A$505,$A25) -> 91580 | C25: =SUMIFS(Data!$E$2:$E$505,Data!$A$2:$A$505,$A25) -> 79168 | D25: =C25-B25 -> -12412 | E25: =IF(B25=0,0,D25/B25) -> -0.13553178 | F25: =IF(B25=0,0,C25/B25) -> 0.86446822
A26: 46357 | B26: =SUMIFS(Data!$D$2:$D$505,Data!$A$2:$A$505,$A26) -> 88170 | C26: =SUMIFS(Data!$E$2:$E$505,Data!$A$2:$A$505,$A26) -> 76723 | D26: =C26-B26 -> -11447 | E26: =IF(B26=0,0,D26/B26) -> -0.12982874 | F26: =IF(B26=0,0,C26/B26) -> 0.87017126

Sheet Targets
A1: Facility ID | B1: Region | C1: Target Utilisation | D1: Base Capacity (units/month) | F1: Status band (+/- pts)
A2: F01 | B2: North | C2: 0.88 | D2: 2650 | F2: 0.05
A3: F02 | B3: North | C3: 0.88 | D3: 2250 | F3: Assumption: utilisation within +/-5 pts of target = On Track
A4: F03 | B4: North | C4: 0.88 | D4: 2500
A5: F04 | B5: North | C5: 0.88 | D5: 1100
A6: F05 | B6: North | C6: 0.88 | D6: 2350
A7: F06 | B7: North | C7: 0.9 | D7: 3150
A8: F07 | B8: North | C8: 0.85 | D8: 1850
A9: F08 | B9: South | C9: 0.92 | D9: 1150
A10: F09 | B10: South | C10: 0.9 | D10: 3100
A11: F10 | B11: South | C11: 0.92 | D11: 2450
A12: F11 | B12: South | C12: 0.92 | D12: 1350
A13: F12 | B13: South | C13: 0.92 | D13: 2400
A14: F13 | B14: South | C14: 0.9 | D14: 3150
A15: F14 | B15: South | C15: 0.92 | D15: 1350
... A43: F42 | B43: North-East | C43: 0.88 | D43: 1300

Sheet Data
A1: Month | B1: Facility ID | C1: Region | D1: Planned Capacity | E1: Actual Output | F1: Variance | G1: Variance % | H1: Utilisation | I1: Target Util. | J1: Gap vs Target | K1: Status
A2: 46023 | B2: F01 | C2: =VLOOKUP(B2,Targets!$A$2:$D$43,2,FALSE()) -> North | D2: 2520 | E2: 2175 | F2: =E2-D2 -> -345 | G2: =IF(D2=0,0,F2/D2) -> -0.13690476 | H2: =IF(D2=0,0,E2/D2) -> 0.86309524 | I2: =VLOOKUP(B2,Targets!$A$2:$D$43,3,FALSE()) -> 0.88 | J2: =H2-I2 -> -0.016904762 | K2: =IF(J2<-Targets!$F$2,"Under",IF(J2>Targets!$F$2,"Over","On Track")) -> On Track
A3: 46023 | B3: F02 | C3: =VLOOKUP(B3,Targets!$A$2:$D$43,2,FALSE()) -> North | D3: 2140 | E3: 1974 | F3: =E3-D3 -> -166 | G3: =IF(D3=0,0,F3/D3) -> -0.077570093 | H3: =IF(D3=0,0,E3/D3) -> 0.92242991 | I3: =VLOOKUP(B3,Targets!$A$2:$D$43,3,FALSE()) -> 0.88 | J3: =H3-I3 -> 0.042429907 | K3: =IF(J3<-Targets!$F$2,"Under",IF(J3>Targets!$F$2,"Over","On Track")) -> On Track
A4: 46023 | B4: F03 | C4: =VLOOKUP(B4,Targets!$A$2:$D$43,2,FALSE()) -> North | D4: 2380 | E4: 1971 | F4: =E4-D4 -> -409 | G4: =IF(D4=0,0,F4/D4) -> -0.17184874 | H4: =IF(D4=0,0,E4/D4) -> 0.82815126 | I4: =VLOOKUP(B4,Targets!$A$2:$D$43,3,FALSE()) -> 0.88 | J4: =H4-I4 -> -0.051848739 | K4: =IF(J4<-Targets!$F$2,"Under",IF(J4>Targets!$F$2,"Over","On Track")) -> Under
A5: 46023 | B5: F04 | C5: =VLOOKUP(B5,Targets!$A$2:$D$43,2,FALSE()) -> North | D5: 1040 | E5: 900 | F5: =E5-D5 -> -140 | G5: =IF(D5=0,0,F5/D5) -> -0.13461538 | H5: =IF(D5=0,0,E5/D5) -> 0.86538462 | I5: =VLOOKUP(B5,Targets!$A$2:$D$43,3,FALSE()) -> 0.88 | J5: =H5-I5 -> -0.014615385 | K5: =IF(J5<-Targets!$F$2,"Under",IF(J5>Targets!$F$2,"Over","On Track")) -> On Track
A6: 46023 | B6: F05 | C6: =VLOOKUP(B6,Targets!$A$2:$D$43,2,FALSE()) -> North | D6: 2230 | E6: 1810 | F6: =E6-D6 -> -420 | G6: =IF(D6=0,0,F6/D6) -> -0.18834081 | H6: =IF(D6=0,0,E6/D6) -> 0.81165919 | I6: =VLOOKUP(B6,Targets!$A$2:$D$43,3,FALSE()) -> 0.88 | J6: =H6-I6 -> -0.068340807 | K6: =IF(J6<-Targets!$F$2,"Under",IF(J6>Targets!$F$2,"Over","On Track")) -> Under
A7: 46023 | B7: F06 | C7: =VLOOKUP(B7,Targets!$A$2:$D$43,2,FALSE()) -> North | D7: 2990 | E7: 2676 | F7: =E7-D7 -> -314 | G7: =IF(D7=0,0,F7/D7) -> -0.10501672 | H7: =IF(D7=0,0,E7/D7) -> 0.89498328 | I7: =VLOOKUP(B7,Targets!$A$2:$D$43,3,FALSE()) -> 0.9 | J7: =H7-I7 -> -0.0050167224 | K7: =IF(J7<-Targets!$F$2,"Under",IF(J7>Targets!$F$2,"Over","On Track")) -> On Track
A8: 46023 | B8: F07 | C8: =VLOOKUP(B8,Targets!$A$2:$D$43,2,FALSE()) -> North | D8: 1760 | E8: 1503 | F8: =E8-D8 -> -257 | G8: =IF(D8=0,0,F8/D8) -> -0.14602273 | H8: =IF(D8=0,0,E8/D8) -> 0.85397727 | I8: =VLOOKUP(B8,Targets!$A$2:$D$43,3,FALSE()) -> 0.85 | J8: =H8-I8 -> 0.0039772727 | K8: =IF(J8<-Targets!$F$2,"Under",IF(J8>Targets!$F$2,"Over","On Track")) -> On Track
A9: 46023 | B9: F08 | C9: =VLOOKUP(B9,Targets!$A$2:$D$43,2,FALSE()) -> South | D9: 1090 | E9: 894 | F9: =E9-D9 -> -196 | G9: =IF(D9=0,0,F9/D9) -> -0.17981651 | H9: =IF(D9=0,0,E9/D9) -> 0.82018349 | I9: =VLOOKUP(B9,Targets!$A$2:$D$43,3,FALSE()) -> 0.92 | J9: =H9-I9 -> -0.099816514 | K9: =IF(J9<-Targets!$F$2,"Under",IF(J9>Targets!$F$2,"Over","On Track")) -> Under
A10: 46023 | B10: F09 | C10: =VLOOKUP(B10,Targets!$A$2:$D$43,2,FALSE()) -> South | D10: 2940 | E10: 2342 | F10: =E10-D10 -> -598 | G10: =IF(D10=0,0,F10/D10) -> -0.20340136 | H10: =IF(D10=0,0,E10/D10) -> 0.79659864 | I10: =VLOOKUP(B10,Targets!$A$2:$D$43,3,FALSE()) -> 0.9 | J10: =H10-I10 -> -0.10340136 | K10: =IF(J10<-Targets!$F$2,"Under",IF(J10>Targets!$F$2,"Over","On Track")) -> Under
A11: 46023 | B11: F10 | C11: =VLOOKUP(B11,Targets!$A$2:$D$43,2,FALSE()) -> South | D11: 2330 | E11: 2090 | F11: =E11-D11 -> -240 | G11: =IF(D11=0,0,F11/D11) -> -0.10300429 | H11: =IF(D11=0,0,E11/D11) -> 0.89699571 | I11: =VLOOKUP(B11,Targets!$A$2:$D$43,3,FALSE()) -> 0.92 | J11: =H11-I11 -> -0.023004292 | K11: =IF(J11<-Targets!$F$2,"Under",IF(J11>Targets!$F$2,"Over","On Track")) -> On Track
A12: 46023 | B12: F11 | C12: =VLOOKUP(B12,Targets!$A$2:$D$43,2,FALSE()) -> South | D12: 1280 | E12: 1154 | F12: =E12-D12 -> -126 | G12: =IF(D12=0,0,F12/D12) -> -0.0984375 | H12: =IF(D12=0,0,E12/D12) -> 0.9015625 | I12: =VLOOKUP(B12,Targets!$A$2:$D$43,3,FALSE()) -> 0.92 | J12: =H12-I12 -> -0.0184375 | K12: =IF(J12<-Targets!$F$2,"Under",IF(J12>Targets!$F$2,"Over","On Track")) -> On Track
A13: 46023 | B13: F12 | C13: =VLOOKUP(B13,Targets!$A$2:$D$43,2,FALSE()) -> South | D13: 2280 | E13: 1754 | F13: =E13-D13 -> -526 | G13: =IF(D13=0,0,F13/D13) -> -0.23070175 | H13: =IF(D13=0,0,E13/D13) -> 0.76929825 | I13: =VLOOKUP(B13,Targets!$A$2:$D$43,3,FALSE()) -> 0.92 | J13: =H13-I13 -> -0.15070175 | K13: =IF(J13<-Targets!$F$2,"Under",IF(J13>Targets!$F$2,"Over","On Track")) -> Under
... A505: 46357 | B505: F42 | C505: =VLOOKUP(B505,Targets!$A$2:$D$43,2,FALSE()) -> North-East | D505: 1380 | E505: 1092 | F505: =E505-D505 -> -288 | G505: =IF(D505=0,0,F505/D505) -> -0.20869565 | H505: =IF(D505=0,0,E505/D505) -> 0.79130435 | I505: =VLOOKUP(B505,Targets!$A$2:$D$43,3,FALSE()) -> 0.88 | J505: =H505-I505 -> -0.088695652 | K505: =IF(J505<-Targets!$F$2,"Under",IF(J505>Targets!$F$2,"Over","On Track")) -> Under
